<?xml version="1.0" encoding="UTF-8" standalone="yes"?>
<addon id="repository.thelivingroom" name="The Living Room" version="0.0" provider-name="csheam">
    <extension point="xbmc.addon.repository" name="The Living Room">
        <dir>
            <info compressed="false">https://raw.githubusercontent.com/csheam/csheam.github.io/master/repo/zips/addons.xml</info>
            <checksum>https://raw.githubusercontent.com/csheam/csheam.github.io/master/repo/zips/addons.xml.md5</checksum>
            <datadir zip="true">https://raw.githubusercontent.com/csheam/csheam.github.io/master/repo/zips/</datadir>
        </dir>
    </extension>
    <extension point="xbmc.addon.metadata">
        <summary>The Living Room</summary>
        <description>Light repo for firestick</description>
        <disclaimer></disclaimer>
        <platform>all</platform>
        <assets>
            <icon>icon.png</icon>
            <fanart>fanart.jpg</fanart>
        </assets>
    </extension>
</addon>